locale,key,value
en_US,how_it_works,"How it Works:"
fr_FR,how_it_works,"Comment ça marche :"
en_US,get_xml,"Get XML"
fr_FR,get_xml,"Obtenir le XML"
en_US,wait_for_it,"Wait for it..."
fr_FR,wait_for_it,"« Attendez... »"
en_US,title,"Renaming PDF files using their XML version"
fr_FR,title,"Renommer les fichiers PDF en utilisant leur version XML"
en_US,title_config,"Configuration of new reports"
fr_FR,title_config,"Configuration de nouveaux rapports"
en_US,title_metro,"Execute the process to rename files"
fr_FR,title_metro,"Exécuter le processus de renommage des fichiers"
en_US,name_tab_uploadF,"Upload files"
fr_FR,name_tab_uploadF,"Télécharger des fichiers"
en_US,name_tab_XML,"XML"
fr_FR,name_tab_XML,"XML"
en_US,name_tab_simulation,"Simulation of file renaming"
fr_FR,name_tab_simulation,"Simulation de renommage de fichiers"
en_US,name_tab_rename,"File renaming"
fr_FR,name_tab_rename,"Renommer les fichiers"
en_US,name_tab_configuration,"Configuration"
fr_FR,name_tab_configuration,"Configuration"
en_US,get_started,"Get Started"
fr_FR,get_started,"Commencer"
en_US,home_page,"Home"
fr_FR,home_page,"Accueil"
en_US,tab2,"This tab is for uploading the PDF files."
fr_FR,tab2,"Cet onglet permet de télécharger les fichiers PDF."
en_US,tab3,"This tab is for getting the XML files."
fr_FR,tab3,"Cet onglet permet d'obtenir les fichiers XML."
en_US,tab4,"This tab is for creating the configuration settings."
fr_FR,tab4,"Cet onglet sert à créer les paramètres de configuration."
en_US,tab5,"This tab is used to simulate the renaming of PDF files."
fr_FR,tab5,"Cet onglet permet de simuler le renommage des fichiers PDF."
en_US,tab1_w1,"With this tool you can test the process of renaming a PDF file. From the XML version we will extract the words to rename the file."
fr_FR,tab1_w1,"Avec cet outil vous pouvez tester le processus de renommage d’un fichier PDF. À partir de sa version XML nous pouvons extraire les mots clés afin de renommer le fichier."
en_US,tab1_md1,"IMPORTANT: You do NOT need to use this tool to rename each file. This tool is for setting up the configuration to be used after to perform an automatic process for all the PDFs."
fr_FR,tab1_md1,"IMPORTANT : Vous n’avez PAS besoin d’utiliser cet outil pour renommer chaque fichier. Cet outil sert à configurer de nouveaux paramètres à utiliser automatiquement pour tous les PDF."
en_US,tab1_w2,"In each type you will find the instructions to use its functionality."
fr_FR,tab1_w2,"Dans chaque type vous trouverez les instructions pour utiliser sa fonctionnalité."
en_US,tab1_sh1,"How to use this tool?"
fr_FR,tab1_sh1,"Comment utiliser cet outil ?"
en_US,tab1_w3,"If you want to test a file follow these steps:"
fr_FR,tab1_w3,"Si vous souhaitez tester un fichier procédez comme suit :"
en_US,tab1_w4_p1,"1. First, go to tab "
fr_FR,tab1_w4_p1,"1. Tout d’abord, allez dans l’onglet "
en_US,tab1_w4_p2," choose the file(s) you want to test."
fr_FR,tab1_w4_p2," choisissez le ou les fichiers que vous voulez tester."
en_US,tab1_w5_p1,"2. Second, on tab "
fr_FR,tab1_w5_p1,"2. Deuxièmement, sous l’onglet "
en_US,tab1_w5_p2," generate the XML format of those files. Open the new file in Notepad and find the coordinates of the ID or words you want to use to rename the file."
fr_FR,tab1_w5_p2," générez le format XML de ces fichiers. Ouvrez le nouveau fichier dans le bloc-notes et trouvez les coordonnées de l’ID ou des mots que vous souhaitez utiliser pour renommer le fichier."
en_US,tab1_w6_p1,"If it is a new format, go to "
fr_FR,tab1_w6_p1,"S’il s’agit d’un nouveau format, accédez à le menu "
en_US,tab1_w6_p2," menu and follow the steps to set up a new file type."
fr_FR,tab1_w6_p2," et suivez les étapes pour configurer un nouveau type de fichier."
en_US,tab1_w7_p1,"On menu "
fr_FR,tab1_w7_p1,"Sous le menu "
en_US,tab1_w7_p2," run the process to rename the files."
fr_FR,tab1_w7_p2," exécutez le processus pour renommer les fichiers."
en_US,tab1_w8_p1,"5. If the output is not what expected on tab "
fr_FR,tab1_w8_p1,"5. Si la sortie n’est pas celle attendue sous l’onglet "
en_US,tab1_w8_p2," you can set up a new set of coordinates and rerun the process on tab "
fr_FR,tab1_w8_p2," vous pouvez configurer un nouvel ensemble de coordonnées et relancer le processus sous l’onglet "
en_US,tab2_w1,"1. Browse for one or more PDF files with the same format."
fr_FR,tab2_w1,"1. Recherchez un ou plusieurs fichiers PDF avec le même format."
en_US,tab2_on_tab,"On tab "
fr_FR,tab2_on_tab,"Sous l’onglet "
en_US,tab2_w2_p2," you can get the XMLs format for these files to get the coordinates of the required fields to rename the file."
fr_FR,tab2_w2_p2," vous pouvez obtenir le format XMLs pour ces fichiers afind d'obtenir les coordonnées des champs requis pour renommer le fichier."
en_US,tab2_w3_p2," The system will display the possible names for these files with the proposed configuration after clicking the Test button."
fr_FR,tab2_w3_p2," Le système affichera les noms possibles pour ces fichiers avec la configuration proposée après avoir cliqué sur le bouton Test."
en_US,tab2_w4_p2," you can add a new configuration for the unknown file formats."
fr_FR,tab2_w4_p2," vous pouvez ajouter une nouvelle configuration pour les formats de fichiers inconnus."
en_US,tab2_h2,"Upload the files here:"
fr_FR,tab2_h2,"Téléchargez les fichiers ici :"
en_US,tab3_w1_p1,"1. Upload the files on the "
fr_FR,tab3_w1_p1,"1. Téléchargez les fichiers sous l’onglet "
en_US,tab3_w1_p2," tab."
fr_FR,tab3_w1_p2," ."
en_US,tab3_w2_p1,"2. Click on "
fr_FR,tab3_w2_p1,"2. Cliquez sur le bouton "
en_US,tab3_w2_p2," button to generate the XML file."
fr_FR,tab3_w2_p2," pour générer le fichier XML."
en_US,tab3_w3,"3. Choose the path to store the XML files."
fr_FR,tab3_w3,"3. Choisissez le chemin pour stocker les fichiers XML."
en_US,tab3_w4,"4. Review these XML files to find the coordinates of the required files."
fr_FR,tab3_w4,"4. Examinez ces fichiers XML pour trouver les coordonnées des fichiers requis."
en_US,tab3_sh1,"What are the coordinates?"
fr_FR,tab3_sh1,"Quelles sont les coordonnées ?"
en_US,tab3_w5,"Coordinates are the set of values [XXX.XXX, XXX.XXX, XXX.XXX, XXX.XXX] in the bbox property of the line where you have found the word."
fr_FR,tab3_w5,"Les coordonnées sont l’ensemble des valeurs [XXX.XXX, XXX.XXX, XXX.XXX, XXX.XXX] dans la propriété ""bbox"" de la ligne où vous avez trouvé le mot."
en_US,tab3_w6,"Take a look at the example in the image below:"
fr_FR,tab3_w6,"Regardez l’exemple dans l’image ci-dessous :"
en_US,tab3_w7,"Please select a folder:"
fr_FR,tab3_w7,"Veuillez sélectionner un dossier :"
en_US,tab3_t_i1,"Selected folder:"
fr_FR,tab3_t_i1,"Dossier sélectionné :"
en_US,tab4_w1,"In this tab, you will configure each NEW distinct file, by using the content of the XML files"
fr_FR,tab4_w1,"Dans cet onglet, vous pouvez configurer chaque NOUVEAU fichier distinct, en utilisant le contenu des fichiers XML."
en_US,tab4_w2,"If you have already renamed some files with a similar content as the one you want to rename right now, it is NOT necessary to set up a new configuration. Just run the process on tab "
fr_FR,tab4_w2,"Si vous avez déjà renommé certains fichiers avec un contenu similaire à celui que vous souhaitez renommer en ce moment, il n’est PAS nécessaire de configurer une nouvelle configuration. Il suffit d’exécuter le processus sous l’onglet "
en_US,tab4_sh1,"How to know if it is a distinct file?"
fr_FR,tab4_sh1,"Comment savoir s’il s’agit d’un fichier distinct?"
en_US,tab4_w3_p1,"Below there is the list of known keys for the system. If the XML include one of this keys you do NOT need to use this tab, the process is going to work for this file as it did for similar files previously. Please go back to "
fr_FR,tab4_w3_p1,"Vous trouverez ci-dessous la liste des clés connues pour le système. Si le fichier XML inclut l’une de ces clés, vous n’avez PAS besoin d’utiliser cet onglet, le processus fonctionnera pour ce fichier comme il l’a fait pour des fichiers similaires auparavant. Veuillez revenir à l’onglet "
en_US,tab4_w3_p2," tab and run the process."
fr_FR,tab4_w3_p2," et exécuter le processus."
en_US,tab4_b1,"Show list"
fr_FR,tab4_b1,"Afficher la liste"
en_US,tab4_sh2,"How to set up a new type of file?"
fr_FR,tab4_sh2,"Comment configurer un nouveau type de fichier ?"
en_US,tab4_w4,"The picture above shows an example of the configuration made for one of the group of files."
fr_FR,tab4_w4,"L’image ci-dessus montre un exemple de la configuration faite pour l’un des groupes de fichiers."
en_US,tab4_w5,"If none of the keys listed before (\'Show list\' button) were found in the XML, create a new configuration following these steps:"
fr_FR,tab4_w5,"Si aucune des clés listées précédemment n’a été trouvée dans le fichier XML, créez une nouvelle configuration en suivant les étapes suivantes :"
en_US,tab4_sh3,"New configuration"
fr_FR,tab4_sh3,"Nouvelle configuration"
en_US,tab4_w6,**1. Company name:** The company name is the value you want to see at the beginning of the file name. For example: ANTON PAAR or ENDRESS
fr_FR,tab4_w6,**1. Nom de l’entreprise** : Le nom de l’entreprise est la valeur que vous souhaitez voir au début du nom du fichier. Par exemple : ANTON PAAR ou ENDRESS
en_US,tab4_w7,**2. Coordinates:** Use the XML files to obtain the coordinates.
fr_FR,tab4_w7,**2. Coordonnées :** Utilisez les fichiers XML pour obtenir les coordonnées.
en_US,tab4_w8,"- **2.1 Key Coordinates:** Look inside the XML file and choose a key for this entry. A key is a text in the file that identifies the company or PDF. For instance, the company name or an email. :C :red[IMPORTANT: each file of the same company/type/test/report must contain this information.]"
fr_FR,tab4_w8,"- **2.1 Coordonnées clés :** Regardez à l’intérieur du fichier XML et choisissez une clé pour cette entrée. Une clé est un texte dans le fichier qui identifie l’entreprise ou le fichier PDF. Par exemple, le nom de l’entreprise ou un courriel. :C :red[IMPORTANT : chaque fichier de la même entreprise/type/test/rapport doit contenir cette information.]"
en_US,tab4_w9,"- **2.2. Year Coordinates:** Look inside the XML and find the coordinates of the emission date. :C :red[IMPORTANT: The system will select the 2 digit year automatically.]"
fr_FR,tab4_w9,"- **2.2. Coordonnées de l'année :** Regardez à l’intérieur du XML et trouvez les coordonnées de la date d’émission. :C :red[IMPORTANT : Le système sélectionnera automatiquement l’année à 2 chiffres.]"
en_US,tab4_w10,"- **2.3. Fields to extract:** A field represents the Id/Code/Word you want to extract from the PDF to rename the file. Look inside the one of the XML to find this coordinates. :C :red[IMPORTANT: the system will automatically transform this coordinates to make them work for all the files/report of the same company.]"
fr_FR,tab4_w10,"- **2.3. Champs à extraire :** Un champ représente l’ID/Code/Mot que vous voulez extraire du fichier PDF pour renommer le fichier. Regardez à l’intérieur de celui du fichier XML pour trouver ces coordonnées. :C :red[IMPORTANT : le système transformera automatiquement ces coordonnées pour les faire fonctionner pour tous les fichiers/rapports de la même entreprise.]"
en_US,tab4_w11,"**Fill out the next inputs:**"
fr_FR,tab4_w11,"**Remplissez les champs suivants :**"
en_US,tab4_t_i1,"Write the company\'s name:"
fr_FR,tab4_t_i1,"Ecrire le nom de l'entreprise :"
en_US,tab4_t_i1_place,"For example: ANTON PAAR"
fr_FR,tab4_t_i1_place,"Par exemple : ANTON PAAR"
en_US,tab4_t_i2,"Write the key: "
fr_FR,tab4_t_i2,"Ecrire la clé : "
en_US,tab4_t_i2_place,"For example: E-Mail: service-pipette.fr@mt.com"
fr_FR,tab4_t_i2_place,"Par exemple : E-mail : service-pipette.fr@mt.com"
en_US,tab4_t_i2_help,"Exact name or email of the company from the XML file."
fr_FR,tab4_t_i2_help,"Nom exact ou email de l'entreprise à partir du fichier XML."
en_US,tab4_t_i3,"Write the key\'s coordinates: "
fr_FR,tab4_t_i3,"Ecrire les coordonnées de la clé : "
en_US,tab4_t_i4,"Write the year\'s coordinates: "
fr_FR,tab4_t_i4,"Ecrire les coordonnées de l’année : "
en_US,tab4_t_place,"For example: 265.3, 708.947, 276.42, 717.947"
fr_FR,tab4_t_place,"Par exemple : 265.3, 708.947, 276.42, 717.947"
en_US,tab4_n_i,"**Number of fields to extract from the PDF:**"
fr_FR,tab4_n_i,"**Nombre de champs à extraire du PDF:**"
en_US,tab4_n_i_help,"This is the number of codes or IDs you want to use to rename the file. :C For instance: ANTON PAAR 23 AE2020, AE2020 is the code or ID and it represents only 1 field."
fr_FR,tab4_n_i_help,"Il s’agit du nombre de codes ou d’ID que vous souhaitez utiliser pour renommer le fichier. :C Par exemple : ANTON PAAR 23 AE2020, AE2020 est le code ou l’ID et il représente seulement 1 champ."
en_US,tab4_w16,"Field #"
fr_FR,tab4_w16,"Numéro de champ #"
en_US,tab4_capt_p1,"Coordinates is the only required field."
fr_FR,tab4_capt_p1,"Les coordonnées sont le seul champ requis."
en_US,tab4_capt_p2,"Use the rest of fields just in case you really need to separate the words. Take the above image as a reference."
fr_FR,tab4_capt_p2,"Utilisez les autres champs seulement si vous avez réellement besoin de séparer les mots. Prenez l’image ci-dessus comme référence."
en_US,tab4_t_i5,"Write the separator: "
fr_FR,tab4_t_i5,"Notez le séparateur :"
en_US,tab4_t_i5_place,"For example: ("
fr_FR,tab4_t_i5_place,"Par exemple : ("
en_US,tab4_t_i5_help,"It can be any special character or word that appears in all the similar files. :C For example: :C , :C ( :C ° :C / :C : :C \"Numéro interne :\""
fr_FR,tab4_t_i5_help,"Il peut s’agir de tout caractère spécial ou mot qui apparaît dans tous les fichiers similaires. :C Par exemple : :C , :C ( :C ° :C / :C : :C ""Numéro interne :"" "
en_US,tab4_t_i6,"Write the index: "
fr_FR,tab4_t_i6,"Ajoutez l’index : "
en_US,tab4_t_i6_place,"For example: 2 or last"
fr_FR,tab4_t_i6_place,Par exemple : 2 ou dernier
en_US,tab4_t_i6_help,"Position of the required word after the separator. :C For example: if separator is \":\" and the text is \"number : AE2020\" :C The index is going to be 2. :C Write last if the value is at the end of the text.""
fr_FR,tab4_t_i6_help,"La position du mot est requise après le séparateur. :C Par exemple : si le séparateur est ":" et que le texte est "nombre : AE2020" :C L’index sera 2. :C Écrivez en dernier si la valeur est à la fin du texte."
en_US,tab4_t_i7,"Write the amoung of characteres you want to obtain: "
fr_FR,tab4_t_i7,"Écrivez le nombre de caractères que vous voulez obtenir : "
en_US,tab4_t_i7_place,"For example: 7"
fr_FR,tab4_t_i7_place,"Par exemple : 7"
en_US,tab4_t_i8,"Write the fields\' coordinates: "
fr_FR,tab4_t_i8,"Inscrire les coordonnées des champs : "
en_US,tab4_t_i9,"Write the PDF title:"
fr_FR,tab4_t_i9,"Ecrire le titre du PDF :"
en_US,tab4_t_i9_place,"For example: Maintenance and Calibration Report"
fr_FR,tab4_t_i9_place,"Par exemple : Maintenance and Calibration Report"
en_US,tab4_t_i10,"Write the uncertainty\'s coordinates: "
fr_FR,tab4_t_i10,"Ecrire les coordonnées de l’incertitude : "
en_US,tab4_sh4,"Test the configuration before saving"
fr_FR,tab4_sh4,"Tester la configuration avant l’enregistrement"
en_US,tab4_w12,"This test will not change the file name."
fr_FR,tab4_w12,"Ce test ne changera pas le nom du fichier."
en_US,tab4_w13_p1,"Upload the files on the "
fr_FR,tab4_w13_p1,"Téléchargez les fichiers sur l’onglet "
en_US,tab4_w13_p2," tab, then click on ""Test"""
fr_FR,tab4_w13_p2,", puis cliquez sur ""Test""" 
en_US,tab4_b2,"Test"
fr_FR,tab4_b2,"Test"
en_US,tab4_sh5,"Save the configuration"
fr_FR,tab4_sh5,"Enregistrer la configuration"
en_US,tab4_b3,"Save"
fr_FR,tab4_b3,"Sauvegarder"
en_US,tab4_w14,"Configuration sucessfully saved! Proceed to rename the files."
fr_FR,tab4_w14,"Configuration enregistrée avec succès ! Renommez les fichiers."
en_US,tab4_w15_p1,"The key "
fr_FR,tab4_w15_p1,"La clé "
en_US,tab4_w15_p2," already exist in the configuration file. Try to rename the files with this existing configuration or choose another Key. Once you chose it, type the new Key and Coordinates in the previous fields if you want to save this new configuration."
fr_FR,tab4_w15_p2," existe déjà dans le fichier de configuration. Essayez de renommer les fichiers avec cette configuration existante ou choisissez une autre clé. Une fois que vous l’avez choisie, tapez la nouvelle clé et les coordonnées dans les champs précédents si vous souhaitez enregistrer cette nouvelle configuration."
en_US,tab4_c1,"Company's Name (Display name)"
fr_FR,tab4_c1,"Nom de l'entreprise (nom affiché)"
en_US,tab4_c2,"Key (value inside XML)"
fr_FR,tab4_c2,"Clé (valeur dans XML)"
en_US,tab4_c3,"Report Type (Title inside PDF)"
fr_FR,tab4_c3,"Type de rapport (Titre dans le PDF)"
en_US,tab5_w1_p1,"1. Upload the files on the "
fr_FR,tab5_w1_p1,"1. Téléchargez les fichiers sous l’onglet "
en_US,tab5_w1_p2," tab."
fr_FR,tab5_w1_p2," ."
en_US,tab5_w2_p1,"2. Click on "
fr_FR,tab5_w2_p1,"2. Cliquez sur le bouton "
en_US,tab5_w2_p2," button."
fr_FR,tab5_w2_p2," ."
en_US,tab5_w3,"Wait for the process to show the potential names of the files."
fr_FR,tab5_w3,"Attendez que le processus affiche les noms potentiels des fichiers."
en_US,tab5_w4_p1,"Do a visual check of the outputs. If these are not as expected, you need to look for new coordinates using the XMLs files and try again."
fr_FR,tab5_w4_p1,"Faites une vérification visuelle des sorties. Si elles ne sont pas comme prévu, vous devez rechercher de nouvelles coordonnées à l’aide des fichiers XMLs et réessayez"
en_US,tab5_success,"Done!"
fr_FR,tab5_success,"« Terminé! »"
en_US,tab5_w4,"This is a simulation of the file renaming process. Use this part to review the data inside the rectangle, the value after the cleanup process and the key assigned from the configuration section."
fr_FR,tab5_w4,"Il s'agit d'une simulation du processus de renommage de fichiers. Utilisez cette partie pour examiner les données à l'intérieur du rectangle, la valeur après le processus de nettoyage et la clé attribuée dans la section de configuration."
en_US,tab5_w5,"This process runs in memory and does NOT rename the files. To rename the files go to the Espace Metrologie tab in the menu and follow the instructions."
fr_FR,tab5_w5,"Ce processus s'exécute en mémoire et ne renomme PAS les fichiers. Pour renommer les fichiers, allez dans l'onglet Espace Metrologie du menu et suivez les instructions."
en_US,espace_w1,"After clicking on the button"
fr_FR,espace_w1,"Après avoir cliqué sur le bouton"
en_US,espace_w2,"two folders must be selected:"
fr_FR,espace_w2,"deux dossiers doivent être sélectionnés"
en_US,espace_w3,"The files for which the process does not find a configuration will remain in the folder and will be listed in the file error_DD-MM-YYYYY.txt that you will find in the output path inside the _OUTPUT folder."
fr_FR,espace_w3,"Les fichiers pour lesquels le processus ne trouve pas de configuration resteront dans le dossier et seront répertoriés dans le fichier error_DD-MM-YYYYY.txt que vous trouverez dans le chemin de sortie à l'intérieur du dossier _OUTPUT."
en_US,espace_w4,"1. First, the folder for reading PDF files from"
fr_FR,espace_w4,"1. Tout d'abord, le dossier pour la lecture des fichiers PDF à partir de"
en_US,espace_w5,"2. Secondly, the folder to move the PDF files to after renaming them."
fr_FR,espace_w5,"2. Deuxièmement, le dossier dans lequel déplacer les fichiers PDF après les avoir renommés."
en_US,espace_w6,"There were found"
fr_FR,espace_w6,"On a trouvé"
en_US,espace_w7,"files. Process wil run in chunks of 25 files each one. The amoung of chunks are"
fr_FR,espace_w7,"fichiers. Le processus s'exécutera par tranches de 25 fichiers chacune. Les nombres de morceaux sont les suivants"
en_US,about,"This tool was created by DIGITALIZATION production department, MANE et Fils."
fr_FR,about,"Cet outil a été créé par le département de production du processus de DIGITALISATION de MANE et Fils."
en_US,espace_w8,"The following list shows the files that the program could not process:"
fr_FR,espace_w8,"La liste suivante indique les fichiers que le programme n'a pas pu traiter :"